/mashup/socket-bot,11.11.2014
/mashup/python-developer-salary-survey,05.18.2014
/mashup/code-it,11.12.2013
/mashup/online-booking-software,09.18.2013
/mashup/elseif,07.10.2012
/mashup/we-wired-web,06.14.2012
/mashup/achivy,01.11.2012
/mashup/qr-kod-olusturucu,12.02.2011
/mashup/qr-maker,11.21.2011
/mashup/devchirp,12.15.2010
/mashup/html-instant-real-time-html-editor-and-search-engine,10.05.2010
/mashup/errorstack.com,06.07.2010
/mashup/flickr-shapefiles-demo,05.26.2010
/mashup/official-java-api-safe-creative,05.07.2010
/mashup/advertisement-tool-advertool,04.16.2010
/mashup/ripped-records,04.12.2010
/mashup/shoptalk,03.13.2010
/mashup/twilleetio,01.03.2010
/mashup/maponics-zip-code-boundaries,10.26.2009
/mashup/realtime-related-tweets-bar,09.26.2009
/mashup/gastro,09.15.2009
/mashup/google-and-yahoo-search-pipes,08.27.2009
/mashup/php-link-directory,07.30.2009
/mashup/jquery-ed-google-blog-bar,06.22.2009
/mashup/translightor,05.26.2009
/mashup/twitter-search-badge,05.08.2009
/mashup/last.fm-mobile,04.20.2009
/mashup/yet-another-twitter-map,04.05.2009
/mashup/googtext,04.01.2009
/mashup/virtual-earth-3d-flight-simulator,03.26.2009
/mashup/snipper,03.18.2009
/mashup/huitter,03.08.2009
/mashup/chromomulator,02.22.2009
/mashup/compare-prices.info,01.18.2009
/mashup/weather-phone,01.11.2009
/mashup/congress-spacebook,01.06.2009
/mashup/claz,12.23.2008
/mashup/delicious-search-exploder,12.05.2008
/mashup/popular-phrase-research,11.22.2008
/mashup/mapmypage,11.13.2008
/mashup/snapcasa-and-delicious-mashup,10.17.2008
/mashup/new-york-times-campaign-finance-chart,10.15.2008
/mashup/codepoetry,09.11.2008
/mashup/tropical-storm-update,09.09.2008
/mashup/43things-geosearch,08.26.2008
/mashup/simbrowser,08.06.2008
/mashup/soundcloud-player-facebook,08.04.2008
/mashup/radiocloud,08.04.2008
/mashup/umapper,07.31.2008
/mashup/atlas-news,04.26.2008
/mashup/springloops-0,04.09.2008
/mashup/global-voices-map,03.14.2008
/mashup/serendipi-twitterous,03.08.2008
/mashup/associate-o-matic,03.05.2008
/mashup/yahoo-live-map,02.26.2008
/mashup/ve-map-digitizer-demo,02.21.2008
/mashup/wii-earth,12.27.2007
/mashup/dzone-preview,12.26.2007
/mashup/pipelicious,12.08.2007
/mashup/nba-above,12.07.2007
/mashup/macrosreader,12.03.2007
/mashup/contoso-university,12.02.2007
/mashup/search-exploder,11.07.2007
/mashup/map-channels,10.31.2007
/mashup/web-2.0-filter,09.23.2007
/mashup/blogusphere-moods,08.11.2007
/mashup/plazes-local-search,08.07.2007
/mashup/xssdb,08.07.2007
/mashup/youtube-top-video-data,07.20.2007
/mashup/web-programming-jobs,06.10.2007
/mashup/shutterpoint-image-upload-demo,05.22.2007
/mashup/springloops,05.07.2007
/mashup/flex-yahoo-maps-and-rss-feeds,05.02.2007
/mashup/virtual-earth-interactive,04.11.2007
/mashup/aspnetscripts.net,03.21.2007
/mashup/after-hours-doctors-office,03.04.2007
/mashup/badger-web-badge-any-feed,02.18.2007
/mashup/technorati-blog-search-yahoo-pipes,02.13.2007
/mashup/call-transfer-skype,02.01.2007
/mashup/php-and-me,01.31.2007
/mashup/alerter-pingdom,12.30.2006
/mashup/void.bot,11.28.2006
/mashup/send-fax-php,10.18.2005
