/mashup/profile-feeder,01.21.2015
/mashup/soundsgud,10.06.2014
/mashup/hyperlapse,09.15.2014
/mashup/youturn,09.15.2014
/mashup/izik,09.14.2014
/mashup/wokamon,09.11.2014
/mashup/health-month-game,09.11.2014
/mashup/welly,09.11.2014
/mashup/gifanator,09.05.2014
/mashup/pixaquote,05.30.2014
/mashup/gossipgrind,04.09.2014
/mashup/cyborg-karaoke-party,08.19.2013
/mashup/cantanding,12.08.2012
/mashup/mapify.us,11.24.2012
/mashup/flickd-movies,06.14.2012
/mashup/what-are-haps,05.12.2012
/mashup/football-feed,11.05.2011
/mashup/popgraph,10.14.2010
/mashup/nitefly-future-nightlife,07.28.2010
/mashup/celebdomain,01.27.2010
/mashup/wegooo,01.18.2010
/mashup/comedify,11.29.2009
/mashup/isitbangus,10.12.2009
/mashup/mikesearch-karaoke-search-engine,03.31.2009
/mashup/hen-night-and-bachelorette-planning-and-invite-site,01.28.2008
/mashup/mymapnights,11.01.2007
/mashup/best-citysearch-mashup,09.03.2007
/mashup/slideshare-karaoke,07.30.2007
/mashup/smstunes,07.29.2007
/mashup/people-magazine-headlines-mobile,07.03.2007
/mashup/karaoke2u,03.10.2007
/mashup/camraoke,05.25.2006
