/mashup/places-near-me,09.26.2014
/mashup/whatwine,09.15.2014
/mashup/eattr,08.23.2014
/mashup/etrigg.com,06.01.2014
/mashup/restaurant-finder,03.26.2014
/mashup/randolunch,09.07.2013
/mashup/ness-dining-guide,01.09.2012
/mashup/poorsquare,11.10.2011
/mashup/diner-connection,09.20.2011
/mashup/tapguest,08.26.2011
/mashup/tables-ready,08.24.2011
/mashup/combo7,08.23.2011
/mashup/busylunches,12.02.2010
/mashup/nz-herald-restaurant-guide,09.08.2010
/mashup/seek-it,08.22.2010
/mashup/nitefly-future-nightlife,07.28.2010
/mashup/restaurant-gift-certificates,07.12.2010
/mashup/waiting4atable,06.10.2010
/mashup/eatbytweet,06.05.2010
/mashup/msn-restaurant-finder-0,02.02.2010
/mashup/msn-restaurant-finder,01.29.2010
/mashup/v3ggie-vegetarian-search-engine,01.07.2010
/mashup/insider-food,01.07.2010
/mashup/floreant-pos-official-site,12.10.2009
/mashup/zoodle.co.nz,12.07.2009
/mashup/menu-o-matic,12.04.2009
/mashup/eatery-search,11.17.2009
/mashup/thebuzz.,11.04.2009
/mashup/turisbook,11.04.2009
/mashup/your-mapper,08.12.2009
/mashup/twitter-trending-local-restaurants,08.01.2009
/mashup/best-dining,07.17.2009
/mashup/london-restaurants-map,05.25.2009
/mashup/gobyo-bring-your-own-wine-guide,05.17.2009
/mashup/fast-nosh,05.11.2009
/mashup/2itch-open-24-hours,08.01.2008
/mashup/thesuggestr,07.10.2008
/mashup/outalot,05.16.2008
/mashup/restaurant-maniac,03.13.2008
/mashup/lunchn.com,03.05.2008
/mashup/restaurant-guide-india,03.04.2008
/mashup/toronto-restaurants-map,07.18.2007
/mashup/2spaghi,03.23.2007
/mashup/ewirt,03.21.2007
/mashup/food-tube,01.09.2007
/mashup/dininginfo,10.13.2006
