/api/bitcodin,08.25.2015
/api/glot-run,08.06.2015
/api/glot-snippets,08.06.2015
/api/rbmtv-v5-media-engine,04.07.2015
/api/heywatch-receiving-pings,11.17.2014
/api/keybase,10.18.2014
/api/aerofs,08.20.2014
/api/glitxt,07.12.2014
/api/encodeit,10.04.2013
/api/heywatch-http-live-streaming,07.08.2013
/api/gridvid.me,08.09.2012
/api/aviberry,07.10.2012
/api/impossible-software,07.02.2012
/api/gomi,03.20.2012
/api/kaltura,12.04.2011
/api/encodercloud,09.20.2011
/api/betterencoding,09.07.2011
/api/warp,04.30.2011
/api/ericsson-converting-media,02.06.2011
/api/rambla,12.18.2010
/api/sorenson-360,12.14.2010
/api/panda,09.27.2010
/api/zencoder,05.06.2010
/api/opencrypt-video-conversion-0,05.01.2010
/api/ankoder,10.18.2009
/api/encoding.com,11.21.2008
/api/heywatch-core-video-encoding,08.27.2007
