/api/predikt,09.18.2015
/api/trisys-web,09.07.2015
/api/onboardiq,08.26.2015
/api/upwork,08.03.2015
/api/cv-maker,07.17.2015
/api/u.s.-department-labor-quarry,07.09.2015
/api/goodhire,06.25.2015
/api/jazz,06.23.2015
/api/synclist,05.22.2015
/api/breezy-hr,05.11.2015
/api/accurate-background,03.31.2015
/api/dansk-supermarked,02.25.2015
/api/springrole,02.18.2015
/api/clowdy,01.07.2015
/api/doj-law-jobs,12.11.2014
/api/applygem,12.10.2014
/api/jobs2careers-publisher,12.05.2014
/api/employiq-job-feed,10.30.2014
/api/portfolium,10.25.2014
/api/hiredonphone-jobs,10.24.2014
/api/lever-postings,10.15.2014
/api/myjobhelper,09.09.2014
/api/usa.gov-american-job-center-resource,09.03.2014
/api/product-hunt,08.18.2014
/api/bizvizz,08.13.2014
/api/checkr-background-checks,06.23.2014
/api/calibrace,04.03.2014
/api/skyparse-resume-parser,03.30.2014
/api/dice-jobs,03.19.2014
/api/workable,03.07.2014
/api/crewrevu,02.12.2014
/api/yagajobs,02.06.2014
/api/venturocket,02.04.2014
/api/sourcing.io,01.29.2014
/api/historyfile-jobs,01.17.2014
/api/adzuna,12.03.2013
/api/classifieds-free,11.30.2013
/api/snagpad,11.27.2013
/api/icims,11.18.2013
/api/claim4flights,10.22.2013
/api/simplyhired-jobs,09.04.2013
/api/hired-ny,09.03.2013
/api/usajobs,08.30.2013
/api/u.s.-office-personnel-management-government-operating-status,08.29.2013
/api/bureau-labor-statistics-public-data,08.19.2013
/api/launchpad-recruits,07.31.2013
/api/europass,07.07.2013
/api/rchilli,06.01.2013
/api/wowzer,04.15.2013
/api/usasearch-jobs,03.26.2013
/api/trendy-skills,03.08.2013
/api/hrm-direct,03.03.2013
/api/mvu-careerforward,02.25.2013
/api/jobs.ie,02.16.2013
/api/trovit,02.12.2013
/api/github-jobs,01.30.2013
/api/daxtra-cvx,01.23.2013
/api/onet,01.17.2013
/api/sendouts,01.17.2013
/api/lumesse,01.02.2013
/api/h%C3%A3%C2%A1-greve,12.20.2012
/api/inside-higher-ed,12.14.2012
/api/vetsuccess,12.04.2012
/api/jobserve,12.03.2012
/api/techsavvy,11.14.2012
/api/field-nation,11.10.2012
/api/synchroteam,10.28.2012
/api/telenetwork,10.23.2012
/api/hireright,10.22.2012
/api/careeronestop,10.15.2012
/api/brainmeasures,09.24.2012
/api/professionl,09.10.2012
/api/wyzant-shareasale-affiliate-program,09.05.2012
/api/workmarket,08.27.2012
/api/gloomshade,08.22.2012
/api/hireability-alex,08.16.2012
/api/writeraccess,08.15.2012
/api/interviewr,08.08.2012
/api/doyoubuzz,08.08.2012
/api/exactme,08.08.2012
/api/copify,07.27.2012
/api/interserve-job-openings,07.23.2012
/api/rijksoverheid-cso,07.17.2012
/api/online-talent-manager,06.26.2012
/api/resfly,06.19.2012
/api/talentbin,05.15.2012
/api/field-force-manager,05.14.2012
/api/employrium,05.14.2012
/api/christian-social-graph,04.19.2012
/api/talentanalytics,04.02.2012
/api/masterbranch,02.28.2012
/api/oppsplace,02.24.2012
/api/justjobs.ro,01.10.2012
/api/juju-publisher,01.10.2012
/api/jobg8,12.12.2011
/api/servicem8,11.28.2011
/api/tianji,11.08.2011
/api/jobgizmo,10.13.2011
/api/rezscore,10.13.2011
/api/apnacircle,10.12.2011
/api/gigwalk,09.26.2011
/api/mobileworks,08.26.2011
/api/eurocv,08.09.2011
/api/careerjet,08.07.2011
/api/popcv-semantic,07.17.2011
/api/raveal,07.11.2011
/api/hackruiter,06.08.2011
/api/bullhorn-staffing,05.30.2011
/api/reppify,05.18.2011
/api/codemunch,01.29.2011
/api/usa-today-sports-salaries,12.09.2010
/api/zipster,11.12.2010
/api/elance,10.01.2010
/api/zoho-recruit,08.04.2010
/api/freelancer,05.25.2010
/api/brightfuse,04.30.2010
/api/tribe-hr,03.11.2010
/api/zijob,03.02.2010
/api/linkup-job-search-engine,02.20.2010
/api/monster-web-services-toolkit,12.18.2009
/api/peerlo-jobgenie,12.18.2009
/api/odesk,11.06.2009
/api/getafreelancer,09.29.2009
/api/livework,09.16.2009
/api/careerbuilder,08.04.2009
/api/uk-civil-service,04.28.2009
/api/jobmotel,04.14.2009
/api/catsone,02.03.2009
/api/xignitecompensation,01.14.2009
/api/jobcrank,11.04.2008
/api/cofundos,11.02.2008
/api/authentic-jobs,09.03.2008
/api/simply-hired-jobs,07.24.2008
/api/jobcentral-jobs,03.16.2008
/api/zubka,03.01.2008
/api/taleo,09.07.2006
/api/google-base,08.23.2006
/api/smashfly,01.08.2006
/api/indeed,09.04.2005
