/api/minme,07.28.2015
/api/myscript-cloud-recognition,06.05.2015
/api/zillow-mortgage-calculateaffordability,02.25.2015
/api/sigopt,02.17.2015
/api/quatriceps,11.18.2014
/api/equa-images,03.30.2014
/api/caascade,02.17.2014
/api/mathletics-hall-fame,05.16.2013
/api/reflection-it-calculator,02.12.2013
/api/wiris-quizzes,06.01.2012
/api/spearman-correlation-coefficient,05.14.2012
/api/myflame.,03.24.2012
/api/numbers,03.06.2012
/api/rioja-journal-repository,12.24.2011
/api/pearson-correlation-coefficient,02.13.2011
