/api/genius,06.05.2015
/api/ibm-watson-concept-insights,02.10.2015
/api/dandelion-wikisearch,09.10.2014
/api/wikisearch,08.07.2014
/api/robust-links,01.12.2014
/api/wikipedia2cartoon,01.08.2014
/api/localwiki,09.04.2012
/api/china-web-db,01.16.2012
/api/wikipathways,01.06.2012
/api/jspwiki,12.29.2011
/api/wikispaces,10.10.2011
/api/edupedia,09.21.2011
/api/qwiki,09.09.2011
/api/infochimps-geo,08.30.2011
/api/editme,08.10.2011
/api/dbpedia-spotlight,07.27.2011
/api/wikidot,07.13.2011
/api/wikimapia,04.20.2011
/api/wikilocation,02.23.2011
/api/service-outsourcing-knowledge,12.28.2010
/api/scraperwiki,08.22.2010
/api/socialtext,11.23.2009
/api/google-sites,11.07.2009
/api/google-sidewiki,09.23.2009
/api/wikipedia,09.05.2008
/api/comprehensive-knowledge-archive-network,07.10.2008
/api/wetpaint-injected,05.18.2008
/api/springnote,03.01.2008
/api/mindtouch-deki-wiki,12.09.2007
/api/cogmap,08.15.2007
/api/dbpedia,08.08.2007
/api/futef-wikipedia-api,01.23.2007
/api/pbwiki,12.24.2006
/api/wikimatrix,11.29.2006
/api/ontok-wikipedia,02.06.2006
/api/jotspot,10.30.2005
