/api/hotelbeds-apitude-cache,10.16.2015
/api/hotelbeds-apitude-content,10.15.2015
/api/hotelbeds-apitude-booking,10.13.2015
/api/sheetsu,10.02.2015
/api/periscope-embed,09.24.2015
/api/nzbplanet,09.02.2015
/api/food,08.29.2015
/api/vertabelo,08.26.2015
/api/cartodb-maps,08.19.2015
/api/smoke-reports,08.06.2015
/api/burning-soul-geoip,07.20.2015
/api/cantus,07.12.2015
/api/gsa-sam,07.08.2015
/api/robur-company-financial,06.30.2015
/api/regnet-automotive-solutions,06.29.2015
/api/cloudboost,06.18.2015
/api/json-porn,06.16.2015
/api/internet-game-database,06.12.2015
/api/ciiva,06.01.2015
/api/bbc-nitro,05.31.2015
/api/dexterity-give,05.22.2015
/api/synclist,05.22.2015
/api/shephertz-app42-cloud-geo-spatial,04.28.2015
/api/shephertz-app42-cloud-nosql-storage,04.28.2015
/api/background-check,04.18.2015
/api/hp-idol-ondemand-list-users,03.21.2015
/api/google-spectrum-database,03.17.2015
/api/intelichoice,03.13.2015
/api/github-git-data,02.22.2015
/api/nuodb,02.17.2015
/api/zacks-fundamentals-collection,01.26.2015
/api/zacks-dividends,01.26.2015
/api/zacks-analyst-recommendations,01.26.2015
/api/zacks-sales-surprises,01.26.2015
/api/zacks-earnings-estimate-trends,01.26.2015
/api/zacks-street-earnings-estimates,01.26.2015
/api/appbase,01.21.2015
/api/rackspace-cloud-databases,01.18.2015
/api/exlibris-primo,01.15.2015
/api/timezdb,01.08.2015
/api/picturepark,12.22.2014
/api/doj-law-jobs,12.11.2014
/api/doj-news,12.11.2014
/api/context-matters,12.11.2014
/api/star-wars,12.05.2014
/api/dbmaestro,12.02.2014
/api/kegg-medicus,11.26.2014
/api/mnopedia,11.24.2014
/api/internet-acronym-server,11.17.2014
/api/neon,11.10.2014
/api/senioradvisor.com,10.30.2014
/api/zacks-earnings-estimates,10.28.2014
/api/gogeo,10.23.2014
/api/time-series-guru,10.22.2014
/api/vidal-group,10.15.2014
/api/company-check,10.15.2014
/api/wowguild.co-world-warcraft-spell,10.11.2014
/api/restopolis,10.06.2014
/api/newswhip,10.02.2014
/api/serverpilot,09.29.2014
/api/rich-citations,09.06.2014
/api/badips,08.25.2014
/api/espresso-logic-live,08.22.2014
/api/space-telescope-science-institute,08.21.2014
/api/opendatasoft,08.15.2014
/api/dhs-program,08.13.2014
/api/international-flipper-pinball-association,08.11.2014
/api/radio-reddit,08.11.2014
/api/imvdb,08.08.2014
/api/wild-apricot,08.01.2014
/api/ga4gh-genomics,08.01.2014
/api/hp-idol-ondemand-list-indexes,07.23.2014
/api/stateful-web-primitives,05.24.2014
/api/europeana,05.21.2014
/api/guidestar-simplify-common-data-profile,04.24.2014
/api/guidestar-advanced-search,04.24.2014
/api/mydoorhandle,04.23.2014
/api/pitney-bowes-advanced-access,04.22.2014
/api/apperian-downloads-and-installs,04.16.2014
/api/apperian-groups,04.16.2014
/api/apperian-users,04.16.2014
/api/japan-seismic-hazard-information-station,04.08.2014
/api/google-cloud-dns,04.04.2014
/api/apperian-applications,04.04.2014
/api/xignite-initial-public-offering-calendar-performance-data,03.31.2014
/api/qld-wildlife-data,03.28.2014
/api/wildlife-rehabilitation-md-closed-wrmd,03.28.2014
/api/acidjs-imdb-fetcher,03.26.2014
/api/venturedeal,03.26.2014
/api/firmapi,03.26.2014
/api/xplenty,03.26.2014
/api/one-degree,03.23.2014
/api/blue-button-connector,03.18.2014
/api/adlib,03.14.2014
/api/danish-heritage-agency,03.14.2014
/api/nypl-digital-collections,03.14.2014
/api/openkvk,03.13.2014
/api/beats-music,03.10.2014
/api/hollystock-celebrity,03.06.2014
/api/have-i-been-pwned,02.27.2014
/api/agregador-financiero,02.27.2014
/api/trading-economics,02.27.2014
/api/polytraits,02.21.2014
/api/isaacloud,02.20.2014
/api/randomprofile,02.20.2014
/api/kimono-sochi-olympics,02.18.2014
/api/zenobase,02.14.2014
/api/igem-registry,02.07.2014
/api/lightingfacts,02.07.2014
/api/cooladata,02.06.2014
/api/yagajobs,02.06.2014
/api/commercial-property-database-cpd,02.06.2014
/api/wishsms,02.05.2014
/api/nrc-adams,01.31.2014
/api/doxpop,01.31.2014
/api/license-direct,01.30.2014
/api/koninklijke-bibliotheek-wlic,01.29.2014
/api/fda-content-syndication,01.24.2014
/api/imagenet,01.24.2014
/api/elvanto,01.22.2014
/api/mammalian-adult-neurogenesis-gene-ontology,01.21.2014
/api/musicgraph,01.20.2014
/api/doomworld-idgames-archive-public,01.06.2014
/api/my-api-films,01.05.2014
/api/charlieharvey.org.uk-content,12.30.2013
/api/yodlee-interactive,12.30.2013
/api/general-land-office-records,12.28.2013
/api/42matters,12.13.2013
/api/fedbrain,12.10.2013
/api/%C3%A4%C5%93sfd,12.08.2013
/api/kurobase,12.03.2013
/api/open-responsibility,12.02.2013
/api/zazler,11.26.2013
/api/techshaker,11.25.2013
/api/cepalstat,11.25.2013
/api/undata,11.24.2013
/api/locality,11.18.2013
/api/cancer-imaging-archive,11.14.2013
/api/courtlistener,11.14.2013
/api/form-assembly,11.08.2013
/api/genesis-online,10.25.2013
/api/binlist.net,10.15.2013
/api/experian-rki-register,10.09.2013
/api/ean-search,10.09.2013
/api/myhealthaccount,10.07.2013
/api/mtgdb,10.04.2013
/api/genomenet-tools,09.16.2013
/api/enigma,09.12.2013
/api/norwegian-biodiversity-information-centre,09.11.2013
/api/artfacts,09.10.2013
/api/nomisma,09.07.2013
/api/boston-predictive-analytics,09.05.2013
/api/allsubs,09.05.2013
/api/hypertable-thrift,09.03.2013
/api/squidanalytics,09.03.2013
/api/versium-analytics,08.30.2013
/api/wisconsin-center-book,08.29.2013
/api/dryad-dataone,08.28.2013
/api/engage,08.26.2013
/api/embl-ebi-gene-expression-atlas,08.24.2013
/api/exversion,08.21.2013
/api/viglink-catalog,08.21.2013
/api/dgidb,08.19.2013
/api/timeshout,08.14.2013
/api/device42,08.06.2013
/api/sba-content-share,08.06.2013
/api/dnsdb,08.02.2013
/api/karmacrm,07.29.2013
/api/intermine,07.27.2013
/api/datalanche,07.27.2013
/api/canlii,07.21.2013
/api/data.be,07.07.2013
/api/openlabels,07.06.2013
/api/trends-top,07.04.2013
/api/twenga-affinitad,07.03.2013
/api/discountmetrics,07.01.2013
/api/itemmaster,07.01.2013
/api/pastplace,07.01.2013
/api/hatebase,06.30.2013
/api/donedone,06.23.2013
/api/obituarydata.com,06.15.2013
/api/open-game,06.11.2013
/api/ragic,06.08.2013
/api/google-cloud-sql,06.07.2013
/api/nsw-state-records,06.04.2013
/api/u.s.-department-state-office-historian-ebook-catalog,06.03.2013
/api/europe-pubmed-central,06.01.2013
/api/mingle.io,05.27.2013
/api/national-library-medicine-digital-collections,05.10.2013
/api/anidb,05.08.2013
/api/rutgers-university-community-repository,05.03.2013
/api/thebigdb,05.02.2013
/api/statistics-sweden,05.02.2013
/api/harvard-dash,04.30.2013
/api/kirby,04.30.2013
/api/libhomeradar,04.22.2013
/api/food2fork,04.20.2013
/api/skimap.org,04.17.2013
/api/new-york-public-library-digital-collections,04.07.2013
/api/bukget,04.02.2013
/api/weather-source,03.23.2013
/api/import.io,03.19.2013
/api/cancer-cell-map,03.12.2013
/api/polar-bear-farm-airforms,03.01.2013
/api/basebear,03.01.2013
/api/alife-database,02.25.2013
/api/oneis,02.02.2013
/api/thriftdb,01.25.2013
/api/objectrocket,01.15.2013
/api/versioneye,01.13.2013
/api/iron.io-ironcache,01.08.2013
/api/nobel-prize,01.08.2013
/api/amazon-redshift,01.07.2013
/api/ercot-marketrak,01.02.2013
/api/pistevo-criminal-search,12.26.2012
/api/doctoralia,12.23.2012
/api/faodata,12.21.2012
/api/prometheus-image-archive,12.17.2012
/api/archive,12.17.2012
/api/archiver,12.14.2012
/api/pronom,12.10.2012
/api/global-proteome-machine,12.06.2012
/api/materials-project,12.05.2012
/api/open-beer-database,12.04.2012
/api/serviceobjects-dots-ncoa-live,11.26.2012
/api/inome-exchange,11.21.2012
/api/ids-knowledge-services,11.20.2012
/api/ensembl,11.20.2012
/api/hrsa-data-warehouse,11.16.2012
/api/medra,11.10.2012
/api/bibliotek,11.07.2012
/api/imsas,10.25.2012
/api/business-model-project,10.24.2012
/api/foodessentials-label,10.24.2012
/api/omg,10.22.2012
/api/maryland-driver-and-vehicle-record,10.22.2012
/api/datownia,10.18.2012
/api/storagemadeeasy-cloud-data,10.14.2012
/api/pwnedlist,10.08.2012
/api/tuhunga,10.07.2012
/api/ecosystemdata,10.03.2012
/api/nnetis-tennis-database,09.10.2012
/api/agetak,09.09.2012
/api/scripps-center-metabolomics-metlin,09.06.2012
/api/frommers-unlimited,09.03.2012
/api/science.gov,09.03.2012
/api/slashdb,08.27.2012
/api/surechemdirect,08.23.2012
/api/surechem,08.22.2012
/api/muvi,08.21.2012
/api/trail,08.20.2012
/api/facetly,08.16.2012
/api/xtenit-subscriber,08.15.2012
/api/commondatahub,08.15.2012
/api/systembolaget-system,08.15.2012
/api/mbar,08.14.2012
/api/elmdb,08.09.2012
/api/foundationdb,08.03.2012
/api/thegamesdb.net,07.31.2012
/api/google-bigquery,07.19.2012
/api/filestorm,07.17.2012
/api/european-library,07.16.2012
/api/prior-knowledge,07.16.2012
/api/scandit-product,07.12.2012
/api/biolit,07.03.2012
/api/voicebox,07.01.2012
/api/cellbase,06.25.2012
/api/sixfinancial,06.25.2012
/api/hotelsbase,06.20.2012
/api/food-security-data,06.13.2012
/api/willpath,06.09.2012
/api/species-invaders,06.06.2012
/api/orcid,06.02.2012
/api/freecode-data,06.01.2012
/api/spacialdb-layers,05.24.2012
/api/mongohq,05.22.2012
/api/policymap,05.18.2012
/api/structuredretailproducts,05.17.2012
/api/bigtable,05.15.2012
/api/un-comtrade,05.11.2012
/api/budget-your-trip,05.10.2012
/api/fixya,05.10.2012
/api/charities-commission,05.09.2012
/api/phospho.elm,05.08.2012
/api/caspio-web-services,05.03.2012
/api/qirina,05.02.2012
/api/intelius-search,04.28.2012
/api/netprospex,04.27.2012
/api/discovertext,04.23.2012
/api/firebase,04.20.2012
/api/cicc-gnova,04.18.2012
/api/appto.us,04.17.2012
/api/tempoiq,04.11.2012
/api/buzzdata,04.05.2012
/api/openligadb,04.02.2012
/api/pathbase,04.02.2012
/api/tfmodeller,04.02.2012
/api/norwegian-bioinformatics-platform,04.02.2012
/api/planttfdb,04.01.2012
/api/reactome,04.01.2012
/api/mrs,04.01.2012
/api/prodom,03.31.2012
/api/biomart,03.31.2012
/api/nuclear-protein-database,03.31.2012
/api/myhits,03.31.2012
/api/infogroup-infoconnect,03.22.2012
/api/institute-development-studies,03.22.2012
/api/hmmer,03.21.2012
/api/sabio-rk,03.21.2012
/api/treebase,03.20.2012
/api/fragmento,03.15.2012
/api/cleardb,03.15.2012
/api/e-fungi,03.04.2012
/api/golm-metabalome-database,02.22.2012
/api/irefindex,02.21.2012
/api/duplicated-genes-database,02.21.2012
/api/seed-0,02.21.2012
/api/mirmaid,02.21.2012
/api/ebi-wsdbfetch,02.13.2012
/api/ebi-wu-blast,02.13.2012
/api/analytical-path,02.08.2012
/api/dkfz-soapdb,02.03.2012
/api/open-eangtin-database,02.03.2012
/api/nsdl-repository-update-service,01.31.2012
/api/amazon-dynamodb,01.18.2012
/api/cartodb,01.17.2012
/api/greenlight-data,01.15.2012
/api/dbapi,12.09.2011
/api/servercyde,12.05.2011
/api/pslc-datashop,11.02.2011
/api/sunlight-foundations-party-time,11.02.2011
/api/phish.net,11.01.2011
/api/rcsb-protein-data-bank,11.01.2011
/api/martindale-hubbell,11.01.2011
/api/edmunds.com-dealer,11.01.2011
/api/edmunds.com-vehicle,10.30.2011
/api/datahotell,10.21.2011
/api/nsdl-search,10.21.2011
/api/lexaurus,10.21.2011
/api/realtors-property-resource,10.21.2011
/api/mytaskhelper,10.20.2011
/api/boliven-publications,10.14.2011
/api/datafiniti,10.11.2011
/api/ncsu-libraries-catalogws,10.10.2011
/api/cambridge-university-library,10.10.2011
/api/dance-tunes,09.26.2011
/api/beatport,09.26.2011
/api/adl-3d-repository-3dr,09.22.2011
/api/xeround-cloud-database,09.21.2011
/api/game-jolt,09.21.2011
/api/archimedes-project-donatus,09.21.2011
/api/cloudsigma,09.19.2011
/api/recreation.gov,09.12.2011
/api/health-indicators-warehouse,09.12.2011
/api/nasa-coordinated-data-analysis-system-cdas,09.12.2011
/api/gis-cloud,09.06.2011
/api/atlasct-location-based-services,08.31.2011
/api/plings,08.28.2011
/api/infinitegraph,08.16.2011
/api/mongolab,08.15.2011
/api/factual-places,08.08.2011
/api/bing-maps-spatial-data-services,08.04.2011
/api/medlineplus-connect,07.22.2011
/api/evrythng,06.08.2011
/api/thinkup,06.08.2011
/api/dydra,05.12.2011
/api/freecovers.net,04.23.2011
/api/location-labs-spatial-storage,04.22.2011
/api/trackingo,03.20.2011
/api/maiana,01.31.2011
/api/fluiddb,01.30.2011
/api/tunefind,12.31.2010
/api/missatsamtal.se,12.31.2010
/api/factolex,12.27.2010
/api/urbarama,12.21.2010
/api/usa-today-sports-salaries,12.09.2010
/api/simplegeo-places,12.09.2010
/api/database.com,12.08.2010
/api/parkwhiz,07.20.2010
/api/lyrdb,06.14.2010
/api/simplegeo,03.31.2010
/api/blankslate,02.15.2010
/api/saffron-sierra,01.30.2010
/api/boliven-patents,12.19.2009
/api/google-fusion-tables,12.15.2009
/api/metnet,11.27.2009
/api/rdbhost,11.20.2009
/api/80legs,11.08.2009
/api/amazon-rds-relational-database-service,10.27.2009
/api/factual,10.22.2009
/api/github,02.23.2009
/api/mdb,02.13.2009
/api/octopart-electronics,12.28.2008
/api/ckan,12.22.2008
/api/qrimp,12.13.2008
/api/yahoo-query-language,12.05.2008
/api/nextdb,12.03.2008
/api/indivo-health,11.30.2008
/api/swoogle,11.28.2008
/api/charity-navigator,11.11.2008
/api/hoovers,11.08.2008
/api/sindice,07.20.2008
/api/comprehensive-knowledge-archive-network,07.10.2008
/api/google-health,05.19.2008
/api/longjump,02.10.2008
/api/unfuddle,12.18.2007
/api/amazon-simpledb,12.16.2007
/api/freebase,10.13.2007
/api/gubb,05.15.2007
/api/dabbledb,01.07.2007
/api/teamdesk,12.18.2006
/api/google-base,08.23.2006
/api/talis,06.07.2006
/api/geonames,01.12.2006
/api/seqhound,09.04.2005
/api/cpath,09.04.2005
