/api/postmen,10.19.2015
/api/channelengine,09.30.2015
/api/smyte,08.25.2015
/api/cnova,08.12.2015
/api/upwork,08.03.2015
/api/promisepay,06.24.2015
/api/reverb,06.09.2015
/api/bindo,06.05.2015
/api/flipkart-affiliate,05.13.2015
/api/yandex-market,04.21.2015
/api/questrade,03.06.2015
/api/algorithmia,02.25.2015
/api/avinode-market,01.15.2015
/api/free-webstore,12.11.2014
/api/v10-data,12.10.2014
/api/ilms,11.09.2014
/api/elearning-cloud,11.09.2014
/api/comkort,10.22.2014
/api/bx..th,10.15.2014
/api/bitcoin.de,10.14.2014
/api/okcoin,10.14.2014
/api/luxstack,10.13.2014
/api/printchomp,10.12.2014
/api/mid%C3%ADad%C3%ADa,09.23.2014
/api/artmajeur,09.16.2014
/api/allcoin,09.15.2014
/api/anxpro-exchange,09.15.2014
/api/atomic-trade,09.15.2014
/api/bitkonan,09.11.2014
/api/mybitx,09.11.2014
/api/btc-china,09.02.2014
/api/vacation-labs-tours-activities,09.01.2014
/api/coinaccel,08.29.2014
/api/coinspot,08.29.2014
/api/cryptoczar,08.29.2014
/api/indacoin,08.29.2014
/api/whatmine,08.21.2014
/api/mintpal,08.21.2014
/api/clever-cloud-add,07.29.2014
/api/judopay-marketplace,06.26.2014
/api/govtribe,05.30.2014
/api/iceberg-marketplace,05.21.2014
/api/livingsocial-monocle,04.22.2014
/api/xignite-convert-historical-value,03.31.2014
/api/xignite-convert-real-time-value,03.31.2014
/api/xignite-get-real-time-rate-table,03.31.2014
/api/xignite-get-real-time-rate,03.31.2014
/api/xignite-list-currencies,03.31.2014
/api/conekta,12.15.2013
/api/scaledo,10.25.2013
/api/computenext,09.06.2013
/api/shopgate-merchant,07.09.2013
/api/repstamp,06.08.2013
/api/creative-market,04.11.2013
/api/stipple,12.14.2012
/api/dawanda,11.14.2012
/api/templatecloud,10.21.2012
/api/wyzant-shareasale-affiliate-program,09.05.2012
/api/bit-pay,06.27.2012
/api/balanced,06.27.2012
/api/bluefin-technology-partners,06.21.2012
/api/bitstamp,06.15.2012
/api/wishpot-social-commerce,05.07.2012
/api/hastuschon,03.16.2012
/api/businessradar,01.15.2012
/api/faascape,01.11.2012
/api/kaltura,12.04.2011
/api/ebay-feedback,10.19.2011
/api/pond5,09.13.2011
/api/appdirect,05.11.2011
/api/uship,04.14.2011
/api/envato,03.02.2011
/api/strikeiron,09.15.2005
