/api/saife-management,09.01.2015
/api/google-nearby,07.16.2015
/api/global-cach%C3%A9,05.20.2015
/api/rackspace-cloud-neutron,04.03.2015
/api/rackspace-cloud-networks,01.18.2015
/api/juniper-configurations-management,10.20.2014
/api/poken,10.07.2014
/api/acano-solution,10.06.2014
/api/unofficial-ello,10.06.2014
/api/sigfox,09.28.2014
/api/big-board,08.07.2014
/api/kakao-kakaotalk,06.20.2014
/api/kakao-kakaostory,05.31.2014
/api/maidsafe-library,04.27.2014
/api/city,03.24.2014
/api/cradlepoint,02.08.2014
/api/amplifier,12.02.2013
/api/locality,11.18.2013
/api/webknox-proxies,10.10.2013
/api/hackertarget.com,07.18.2013
/api/konvert.me,07.17.2013
/api/proxykey,03.03.2013
/api/xing,12.13.2012
/api/oidview-mib,12.05.2012
/api/daily-proxies.com,12.05.2012
/api/elgg,11.24.2012
/api/uptrends,09.05.2012
/api/app.net,09.03.2012
/api/intronetworks,08.20.2012
/api/tweetboner,07.31.2012
/api/amazon-route-53,07.25.2012
/api/esnet-oscars,07.23.2012
/api/anyfi.net,07.11.2012
/api/pingbrigade,07.03.2012
/api/grou.ps,07.01.2012
/api/hachi,06.29.2012
/api/mediaplatform,06.24.2012
/api/ctuning,06.18.2012
/api/nimsoft-cloudmonitor,06.05.2012
/api/alau.me,05.09.2012
/api/rimzu,03.26.2012
/api/binary-canary,03.23.2012
/api/oppsplace,02.24.2012
/api/tweet-marker,02.10.2012
/api/mixi-graph,02.10.2012
/api/tibbr,01.30.2012
/api/olpcmap,12.12.2011
/api/mates,12.10.2011
/api/adzerk,12.09.2011
/api/ping-uin,12.06.2011
/api/manageengine-servicedesk-plus,06.21.2011
/api/blogpingr,05.30.2011
/api/pingerfinger,04.26.2010
/api/haystack-networking,10.10.2006
