/api/unlimited-criminal-checks-offender,09.13.2015
/api/zip-code-to-useac,08.06.2015
/api/boundaries.io,05.17.2015
/api/zillow-home-valuation-getsearchresults,02.24.2015
/api/myjobhelper,09.09.2014
/api/getaddress.io,08.20.2014
/api/geo-services,07.12.2014
/api/accuzip-toolkit,05.15.2014
/api/driving-distances,03.21.2014
/api/dutch-postcode,01.28.2014
/api/wickedapi,08.14.2013
/api/redline13-zip-code-distance,07.07.2013
/api/ripe-development,02.05.2013
/api/postcoder,11.12.2012
/api/malaika-consultants-zipcode-lookup,09.27.2012
/api/east-search-engine,09.24.2012
/api/restful-web-services-usa-zip-code,07.27.2012
/api/webservicemart-uszip,07.20.2012
/api/shoothill-postcode,06.28.2012
/api/codebump-geoplaces,06.25.2012
/api/zipfeeder,06.06.2012
/api/zip-tax,04.30.2012
/api/ziptastic,04.11.2012
/api/cheesos-zipcode-lookup-service,03.16.2012
/api/codebump-zip-codes,01.18.2012
/api/who-my-representative,02.20.2007
