/mashup/windshield-repair-tech,06.02.2015
/mashup/local-rvs,02.20.2015
/mashup/lincoln-dream-ride,09.08.2014
/mashup/cabinsun.com,04.27.2014
/mashup/connectmyride,09.09.2013
/mashup/whats-my-ride,07.29.2013
/mashup/noodler-car-comparison,03.04.2013
/mashup/autoprofilez,02.04.2013
/mashup/torqued-racing-solutions-mobile-event-manager,06.26.2012
/mashup/benzel-busch,08.29.2011
/mashup/platd,08.24.2011
/mashup/best-car-me,03.24.2011
/mashup/find-car,03.23.2011
/mashup/audi-411,08.24.2010
/mashup/european-speed-camera-map,08.11.2010
/mashup/go-gas,08.10.2010
/mashup/autorifi,07.18.2010
/mashup/2010-formula-one-map,04.28.2010
/mashup/brazil-preco-dos-combustiveis,12.11.2009
/mashup/allogarage,12.09.2009
/mashup/carsearch,09.08.2009
/mashup/cargeni-vehicle-search,09.06.2009
/mashup/trading-vans,07.07.2009
/mashup/ford-fiesta-movement-mapped,06.24.2009
/mashup/race-track-maps,06.15.2009
/mashup/creative-commons-car-pictures,04.14.2009
/mashup/reality-f1,04.06.2009
/mashup/f1-standings-and-results-gadget,03.30.2009
/mashup/isaab-auctions-uk,03.01.2009
/mashup/ibenz-mercedes-uk,03.01.2009
/mashup/modified-cars,03.01.2009
/mashup/2009-formula-one-map,01.17.2009
/mashup/allautosites,01.13.2009
/mashup/mattclassifieds,10.28.2008
/mashup/suv-pollution,10.07.2008
/mashup/tripbuster.co.uk,09.21.2008
/mashup/fuel-efficient-cars-sale,08.17.2008
/mashup/ebay-mapper,07.28.2008
/mashup/auto-sector-snap-igoogle,06.20.2008
/mashup/supercars-map,04.19.2008
/mashup/2008-formula-one-map,03.19.2008
/mashup/sawitonline,02.25.2008
/mashup/houston-used-carlist,02.17.2008
/mashup/speed-traps,02.16.2008
/mashup/real-time-vehicle,02.16.2008
/mashup/gas-price-map-biodiesel,01.08.2008
/mashup/limousine-providers,11.14.2007
/mashup/cars-me,09.28.2007
/mashup/autosnearby,09.12.2007
/mashup/formula-one-grand-prix-circuit,08.25.2007
/mashup/foxymap,08.21.2007
/mashup/mitsubishi-locator-uk,08.14.2007
/mashup/nissan-dealer-locator-uk,08.14.2007
/mashup/used-cars,07.19.2007
/mashup/autopendium,06.16.2007
/mashup/used-cars-sale,06.07.2007
/mashup/youtube-car-videos,06.04.2007
/mashup/nascar-google-map,04.12.2007
/mashup/nascar-map-race-week,03.18.2007
/mashup/parking-maps-singapore,02.21.2007
/mashup/car-trader,01.30.2007
/mashup/qwertycars,12.07.2006
/mashup/find-convertible-car,10.11.2006
/mashup/used-car-market,09.13.2006
/mashup/nyc-parking-garage-rates,08.22.2006
/mashup/airport-parking,07.30.2006
/mashup/find-parking-phone,07.17.2006
/mashup/motormapusa.com,06.14.2006
/mashup/find-parking-parkingcarma,02.18.2006
