/mashup/vallokaler-voting-stations,09.01.2010
/mashup/halsopuls,01.03.2010
/mashup/tvitre.no,11.29.2009
/mashup/svd-weather,11.09.2009
/mashup/safiri.dk-travel-search,09.10.2009
/mashup/mymaps.dk,08.11.2009
/mashup/booli.se,05.09.2009
/mashup/goolzoom-denamark,03.20.2009
/mashup/boliga-denmark,10.07.2008
/mashup/huspriser-boligpriser-norway,05.01.2008
/mashup/houses-finland,04.20.2008
/mashup/korrespondengerna,03.25.2008
/mashup/libraries-denmark,02.10.2008
/mashup/lennot,01.16.2008
/mashup/virtualtraveller,07.09.2007
/mashup/hakuhaku,11.26.2006
