/api/harvard-course-planner,10.02.2015
/api/prioritize,09.18.2015
/api/attendify,06.19.2015
/api/routexl,01.23.2015
/api/tfl-journey-planner,01.05.2015
/api/trafiklab-sl-fault-information-2,12.25.2014
/api/trafiklab-sl-trip-planner-2,12.25.2014
/api/trafiklab-resrobot-journey-search,12.25.2014
/api/eviesays,10.10.2014
/api/localist,10.10.2014
/api/2peak,09.02.2014
/api/boomerang.io,08.19.2014
/api/bucketlist,08.12.2014
/api/31events,03.30.2014
/api/optimoroute,03.12.2014
/api/izento,09.25.2013
/api/backsolver,08.08.2013
/api/gb-rail-info,07.07.2013
/api/skybuffer-cloud-checklist,03.08.2013
/api/block-avenue-neighborhood-reviews,03.08.2013
/api/mvu-careerforward,02.25.2013
/api/pathable,11.24.2012
/api/churchcommunitybuilder,10.28.2012
/api/route4me,09.03.2012
/api/streeteaglegps,09.03.2012
/api/c2routeapp,09.03.2012
/api/trackroad-routing,09.03.2012
/api/fanggle-eventbreeze,08.21.2012
/api/eventarc,08.18.2012
/api/touringplans-disney,08.15.2012
/api/slatemind,05.14.2012
/api/adaptiveplanning,04.27.2012
/api/triumph,03.11.2012
/api/silverrail-journey-planner,09.27.2011
