/api/blockonomics,10.01.2015
/api/finicity-aggregation,09.16.2015
/api/blocktrail-bitcoin-webhooks,07.09.2015
/api/coinleap,02.11.2015
/api/twenty15coin,01.08.2015
/api/espago,12.26.2014
/api/bitcore,12.23.2014
/api/clearent,12.15.2014
/api/square,11.06.2014
/api/blocktrail-bitcoin-data,10.29.2014
/api/bx..th,10.15.2014
/api/coinzone,10.14.2014
/api/worldwide-bitcoin-exchange,10.14.2014
/api/lakebtc,10.14.2014
/api/bitcoin.de,10.14.2014
/api/btc-markets,10.14.2014
/api/igot,10.14.2014
/api/huobi,10.14.2014
/api/okcoin,10.14.2014
/api/luxstack,10.13.2014
/api/bluesnap-payment,10.11.2014
/api/reddcoin,09.29.2014
/api/atosho-retailer,09.12.2014
/api/bitkonan,09.11.2014
/api/mybitx,09.11.2014
/api/indacoin,08.29.2014
/api/intlexc,08.27.2014
/api/palth,08.27.2014
/api/coin-swap,08.27.2014
/api/whatmine,08.21.2014
/api/getinsiders,08.21.2014
/api/block.io,07.29.2014
/api/visa-checkout,07.28.2014
/api/ig-trading-api,07.09.2014
/api/psp-platform-basic-operations,05.30.2014
/api/lendup,05.28.2014
/api/google-play-app-billing,04.25.2014
/api/google-wallet-instant-buy-0,04.25.2014
/api/google-wallet-instant-buy,04.25.2014
/api/plaid,09.05.2013
/api/ern-global,08.02.2013
/api/coinmkt,06.23.2013
/api/transactionpoint,04.12.2013
/api/foundationdb,08.03.2012
/api/intuit-quickbooks-online-accounting,04.30.2012
/api/ebay-resolution-case-management,10.19.2011
