/mashup/streamboxr,02.24.2015
/mashup/doob.fm,12.03.2014
/mashup/mp3buzz,02.05.2014
/mashup/mp3-ja,12.16.2013
/mashup/audibase-mobile-recording-and-audio-blogging-apps-themes-plugins,04.29.2013
/mashup/music-video-search-engine,10.03.2012
/mashup/s3audible-music-and-video-streaming,03.20.2012
/mashup/murfie,02.12.2012
/mashup/bandcamp-scrobbler,01.11.2012
/mashup/bleeoo,09.17.2011
/mashup/how-to-pronounce-words-pronunciaci%C3%A3%C2%B3n-en-ingl%C3%A3%C2%A9s-pronuncia-inglese...,09.08.2011
/mashup/twilio-mvc,08.29.2011
/mashup/phonetap,08.24.2011
/mashup/callcollector,08.22.2011
/mashup/pitchvater,08.15.2011
/mashup/dear-emmy,08.12.2011
/mashup/friendly-audio,08.07.2011
/mashup/uk-soundmap,08.30.2010
/mashup/twejay-making-twitter-talk,04.01.2010
/mashup/findboo,02.06.2010
/mashup/telepheed,01.28.2010
/mashup/smart-recorder-and-box.net,01.19.2010
/mashup/ispeech-and-box.net,01.19.2010
/mashup/myilike,09.28.2009
/mashup/mp32tube,09.10.2009
/mashup/atunes,08.06.2009
/mashup/listpod,07.20.2009
/mashup/old-time-handyman-jukebox,04.13.2009
/mashup/lfmplayer,02.28.2009
/mashup/listen-to-blogs,02.18.2009
/mashup/qerio,01.17.2009
/mashup/tour-de-sound,01.13.2009
/mashup/releasedatez,11.17.2008
/mashup/top-10-last.fm-artists,10.07.2008
/mashup/dukabuzz,08.12.2008
/mashup/dukadial,08.12.2008
/mashup/guerilla-radio,08.03.2008
/mashup/infused-news,07.28.2008
/mashup/ringtone-gal,07.12.2008
/mashup/obani-urban-music,07.12.2008
/mashup/mp3-albums-and-songs-downloads,07.05.2008
/mashup/mp3-album,05.14.2008
/mashup/dinle,05.01.2008
/mashup/jaikoz-audio-tagger,04.19.2008
/mashup/music.podfire.org,04.07.2008
/mashup/tunemaze,03.30.2008
/mashup/lyricsfly,02.01.2008
/mashup/vimasic,12.18.2007
/mashup/music-creek,09.07.2007
/mashup/musiic.net,08.02.2007
/mashup/kcrw-plus-emusic-mashup,06.25.2007
/mashup/pandora-and-emusic-mashup,06.25.2007
/mashup/kexp-and-emusic-mashup,06.25.2007
/mashup/musotik,04.02.2007
/mashup/jukeboxtube,03.14.2007
/mashup/msgtime.com,02.09.2007
/mashup/talentexpo,02.01.2007
/mashup/latestpost,01.22.2007
/mashup/tourfilter,01.19.2007
/mashup/hype-machine,01.19.2007
/mashup/songlist,12.03.2006
/mashup/netzwelt.de-free-mp3s,11.25.2006
/mashup/speak,11.10.2006
/mashup/radio-california,08.16.2006
/mashup/siam-soundtrek,08.15.2006
/mashup/soundseeker,07.15.2006
/mashup/stingy-scholar-university-podcasts,04.16.2006
/mashup/social-audio,02.24.2006
