/mashup/flight-tracker,01.18.2013
/mashup/australia-post-tracking,09.26.2010
/mashup/myelectorate-australia,07.14.2010
/mashup/event-now-australia,05.01.2010
/mashup/statmap-australia,01.13.2010
/mashup/their-honour,01.12.2010
/mashup/okschool-explorer,11.16.2009
/mashup/darwin-bus-map,11.16.2009
/mashup/motorcycle-network,09.10.2009
/mashup/ok-travel-australia,03.31.2009
/mashup/motorbikes-sale,02.19.2009
/mashup/property-butler-australia,01.18.2009
/mashup/australian-postcode-finder,11.30.2008
/mashup/gigpig,10.25.2008
/mashup/australian-aboriginal-art-centres,06.28.2008
/mashup/mapanui,04.13.2008
/mashup/mygeoland,02.16.2008
/mashup/gym-alliance,02.16.2008
/mashup/wa-fuel-finder,08.24.2007
/mashup/localhero,08.20.2007
/mashup/southern-highlands-online,05.15.2007
/mashup/myhome-australia,05.14.2007
/mashup/mapmyadventure,02.03.2007
/mashup/tasmania-travel-map,12.13.2006
/mashup/news.com.au-map,11.19.2006
/mashup/spyk-property-search,11.12.2006
/mashup/locale-random-day-out,10.23.2006
/mashup/suburb-view,10.15.2006
/mashup/gold-coast-map,10.03.2006
/mashup/maps-australia,09.17.2006
/mashup/mypackage-australia,09.14.2006
/mashup/sydney-beaches,08.22.2006
/mashup/mcity,05.31.2006
/mashup/bikely,05.26.2006
