/mashup/meaningcloud-add-excel,03.13.2015
/mashup/tumblr-tag-explorr,01.30.2014
/mashup/kloutsy,09.20.2011
/mashup/twitter-trends-tagged,03.10.2010
/mashup/mowid-video-explorer,11.23.2009
/mashup/guardian-tag-bubbles,09.14.2009
/mashup/mytag,07.27.2009
/mashup/music-artist-cloud-1,06.22.2009
/mashup/shtaggle,04.19.2009
/mashup/spincloud,01.11.2009
/mashup/termcloud-search,12.26.2008
/mashup/newstaggr,11.05.2008
/mashup/videoclouds,07.25.2008
/mashup/del.icio.us-tag-cleaner,06.07.2008
/mashup/snaplickr,05.19.2008
/mashup/link5,04.09.2007
/mashup/flickr-tags-mashup,03.21.2007
/mashup/tagwall,03.18.2007
/mashup/arcade-fire-hypecloud,03.17.2007
/mashup/tagmaps,01.18.2007
/mashup/adding-tags-to-mybloglog,01.11.2007
/mashup/taglines-0,12.19.2006
/mashup/tagbulb,12.02.2006
/mashup/tvcaps,11.03.2006
/mashup/cloud-search,08.28.2006
