/mashup/dino-map,03.30.2015
/mashup/altmetric-explorer,09.25.2014
/mashup/youbeq-maps-life,08.07.2013
/mashup/emagister-symposium,05.23.2012
/mashup/climatecraft,12.02.2011
/mashup/science-stack,09.24.2011
/mashup/sky-map,03.27.2011
/mashup/readermeter,08.31.2010
/mashup/best-western-michigan-hotel-guide-3d,06.30.2010
/mashup/square-root-calculator,05.23.2010
/mashup/cosmos-and-culture,01.11.2010
/mashup/campusbird,11.16.2009
/mashup/turkish-earthquakes,11.02.2009
/mashup/plantmaps,08.24.2009
/mashup/photos-life,07.02.2009
/mashup/biodiversity-taxonomic-catalogue,06.09.2009
/mashup/birds-world,03.24.2009
/mashup/mountains-world,12.14.2008
/mashup/ebay-mapper,07.28.2008
/mashup/earthquake-vulnerable-cities,07.26.2008
/mashup/pubmed-faceoff,06.21.2008
/mashup/bbc-move,02.29.2008
/mashup/us-mineral-hypermaps,02.16.2008
/mashup/hydroseek,02.16.2008
/mashup/spatialepidemiology,02.06.2008
/mashup/carbon-emissions-commute,10.19.2007
/mashup/shaded-relief-maps,09.19.2007
/mashup/climate-change-2030,09.17.2007
/mashup/world-wide-earthquakes,09.13.2007
/mashup/elevation-demo,09.06.2007
/mashup/wepoco,07.09.2007
/mashup/weather-3d,05.22.2007
/mashup/navigate-cbers-satellite-images,05.17.2007
/mashup/map-world,05.10.2007
/mashup/3d-geology-maps,04.11.2007
/mashup/chemistry-quiz,04.09.2007
/mashup/glosk,02.16.2007
/mashup/rotational-velocity,02.15.2007
/mashup/kqed-quest,02.01.2007
/mashup/mandelbrot-fractal-explorer,01.05.2007
/mashup/faunapolis,12.08.2006
/mashup/epispider,11.26.2006
/mashup/interactive-climate-map,11.13.2006
/mashup/world-and-regional-earthquakes,11.11.2006
/mashup/sky-clock,10.02.2006
/mashup/pisco-ecological-data-products-map,09.29.2006
/mashup/greenspace-uk-carbon-emissions-map,09.14.2006
/mashup/us-volcanoes-and-misc-maps,08.31.2006
/mashup/if-i-dig-straight-down,08.29.2006
/mashup/western-hemisphere-shorebird-reserves,07.29.2006
/mashup/greenpeace-crop-circles,07.29.2006
/mashup/seismo-surfer,07.21.2006
/mashup/tiedonhituset,07.15.2006
/mashup/air-travel-emissions-calculator,07.14.2006
/mashup/renewableplanet.com,07.11.2006
/mashup/usgs-and-google-maps,06.30.2006
/mashup/northwood-and-medham-bird-map,06.21.2006
/mashup/uk-tapwater-quality-map,06.07.2006
/mashup/newsblade,05.29.2006
/mashup/earth-sandwich,05.23.2006
/mashup/realtime-satellite-tracking-map,05.21.2006
/mashup/daylightmap.com,05.12.2006
/mashup/planet-hazard,04.07.2006
/mashup/fish-mapper,04.02.2006
/mashup/flood-maps,03.26.2006
/mashup/nearctic-spider-database,03.01.2006
/mashup/geobirds,02.07.2006
/mashup/solar-eclipses,12.27.2005
/mashup/world-volcano-browser,12.21.2005
/mashup/birds-central-park-map,12.19.2005
/mashup/nuclear-blast-effects-simulator,12.06.2005
/mashup/meteor-impact-craters,11.29.2005
/mashup/ispecies,11.16.2005
/mashup/earthquakes-last-7-days,11.13.2005
/mashup/earthquakes-week,11.02.2005
