/mashup/whatwine,09.15.2014
/mashup/pennsylvania-wines,10.24.2013
/mashup/www.americanwineryguide.com,10.21.2012
/mashup/vinogeo,02.17.2012
/mashup/italian-wines-and-food-mashup,08.10.2011
/mashup/i-drank,09.01.2010
/mashup/wineries-ontario,11.23.2009
/mashup/napa-wine-train-reserve-online,09.10.2009
/mashup/wineries-napa-valley,06.21.2008
/mashup/wine-spain,01.25.2008
/mashup/winegeeks,09.11.2007
/mashup/long-island-wineries-map,06.10.2007
/mashup/wines-and-times,03.12.2007
/mashup/north-carolina-wineries,12.30.2006
/mashup/quebec-wineries-map,07.19.2006
/mashup/champagne-house-directory,05.24.2006
/mashup/oregon-wine-explorer,05.23.2006
/mashup/place-mapper,01.20.2006
/mashup/nyc-wine-shops,01.09.2006
/mashup/winerybound,10.23.2005
